cidade,estado,lat,lon
Rio Branco,AC,-9.97499,-67.8243
Maceió,AL,-9.66599,-35.735
Manaus,AM,-3.11866,-60.0212
Macapá,AP,0.034934,-51.0694
Salvador,BA,-12.9718,-38.5011
Fortaleza,CE,-3.71664,-38.5423
Brasília,DF,-15.7795,-47.9297
Vitória,ES,-20.3155,-40.3128
Goiânia,GO,-16.6864,-49.2643
São Luís,MA,-2.53874,-44.2825
Belo Horizonte,MG,-19.9102,-43.9266
Campo Grande,MS,-20.4486,-54.6295
Cuiabá,MT,-15.601,-56.0974
Belém,PA,-1.4554,-48.4898
João Pessoa,PB,-7.11509,-34.8641
Recife,PE,-8.04666,-34.8771
Teresina,PI,-5.09194,-42.8034
Curitiba,PR,-25.4195,-49.2646
Rio de Janeiro,RJ,-22.9129,-43.2003
Natal,RN,-5.79357,-35.1986
Porto Velho,RO,-8.76077,-63.8999
Boa Vista,RR,2.82384,-60.6753
Porto Alegre,RS,-30.0318,-51.2065
Florianópolis,SC,-27.5945,-48.5477
Aracaju,SE,-10.9091,-37.0677
São Paulo,SP,-23.5329,-46.6395
Palmas,TO,-10.24,-48.3558
